{"cameraMode":{"drawMode":0,"name":"Shaded","section":"Shading Mode"},"sceneLighting":true,"audioPlay":false,"sceneViewState":{"m_AlwaysRefresh":false,"showFog":true,"showSkybox":true,"showFlares":true,"showImageEffects":true,"showParticleSystems":true,"showVisualEffectGraphs":true,"m_FxEnabled":true},"in2DMode":false,"pivot":{"x":-0.7264472842216492,"y":-8.180789947509766,"z":28.399444580078126},"rotation":{"x":0.19176660478115083,"y":-0.048019856214523318,"z":0.006737073417752981,"w":0.9811030030250549},"size":11.871888160705567,"orthographic":false}